Sum of Revenue,Column Labels,,,
Row Labels,Q1,Q2,Q3,Grand Total
East,1960000,2235000,,4195000
Laptop,900000,1020000,,1920000
Mobile,700000,775000,,1475000
Tablet,360000,440000,,800000
North,1970000,2515000,1200000,5685000
Laptop,720000,1080000,1200000,3000000
Mobile,750000,875000,,1625000
Tablet,500000,560000,,1060000
South,1865000,2240000,950000,5055000
Laptop,840000,960000,,1800000
Mobile,625000,800000,950000,2375000
Tablet,400000,480000,,880000
West,1470000,1810000,,3280000
Laptop,600000,780000,,1380000
Mobile,550000,650000,,1200000
Tablet,320000,380000,,700000
Grand Total,7265000,8800000,2150000,18215000
