route_id,average_delay_pct,average_passengers,average_stops
R16,12.412169312169313,34.75132275132275,34.0
R14,12.233714285714287,35.86857142857143,27.0
R08,11.988690476190476,33.279761904761905,23.0
R19,11.530409356725146,35.55555555555556,29.0
R12,11.508771929824562,34.45029239766082,15.0
R01,11.4561797752809,34.21910112359551,28.0
R06,11.34378698224852,35.887573964497044,32.0
R03,11.20095238095238,34.542857142857144,26.0
R20,10.826315789473684,34.9,33.0
R15,10.769613259668509,32.44198895027624,21.0
R02,10.739037433155081,35.342245989304814,22.0
R05,10.632888888888889,34.54222222222222,16.0
R07,10.623076923076923,34.57692307692308,24.0
R10,10.393630573248407,32.261146496815286,20.0
R17,10.249305555555555,32.90972222222222,20.0
R09,9.86910994764398,30.7434554973822,30.0
R18,9.860913705583755,33.53299492385787,31.0
R11,9.742307692307692,35.0,19.0
R13,9.550520833333334,31.588541666666668,17.0
R04,9.394610778443115,32.49101796407186,18.0
